,file_abspath,file_name,height,width
0,/Users/sanghunoh/Develops/repository/own/study_knon_scraper_googleImage/photos/buildings/buildings12.jpeg,buildings12.jpeg,1080,1920
1,/Users/sanghunoh/Develops/repository/own/study_knon_scraper_googleImage/photos/buildings/buildings45.jpeg,buildings45.jpeg,1500,1000
2,/Users/sanghunoh/Develops/repository/own/study_knon_scraper_googleImage/photos/buildings/buildings5.jpeg,buildings5.jpeg,1080,1000
3,/Users/sanghunoh/Develops/repository/own/study_knon_scraper_googleImage/photos/buildings/buildings28.jpeg,buildings28.jpeg,1080,1620
4,/Users/sanghunoh/Develops/repository/own/study_knon_scraper_googleImage/photos/buildings/buildings49.jpeg,buildings49.jpeg,1688,3000
5,/Users/sanghunoh/Develops/repository/own/study_knon_scraper_googleImage/photos/buildings/buildings9.jpeg,buildings9.jpeg,2912,4368
6,/Users/sanghunoh/Develops/repository/own/study_knon_scraper_googleImage/photos/buildings/buildings24.jpeg,buildings24.jpeg,900,1200
7,/Users/sanghunoh/Develops/repository/own/study_knon_scraper_googleImage/photos/buildings/buildings32.jpeg,buildings32.jpeg,1688,3000
8,/Users/sanghunoh/Develops/repository/own/study_knon_scraper_googleImage/photos/buildings/buildings33.jpeg,buildings33.jpeg,3072,4608
9,/Users/sanghunoh/Develops/repository/own/study_knon_scraper_googleImage/photos/buildings/buildings25.jpeg,buildings25.jpeg,848,1272
10,/Users/sanghunoh/Develops/repository/own/study_knon_scraper_googleImage/photos/buildings/buildings35.png,buildings35.png,525,700
11,/Users/sanghunoh/Develops/repository/own/study_knon_scraper_googleImage/photos/buildings/buildings8.jpeg,buildings8.jpeg,427,640
12,/Users/sanghunoh/Develops/repository/own/study_knon_scraper_googleImage/photos/buildings/buildings48.jpeg,buildings48.jpeg,450,800
13,/Users/sanghunoh/Develops/repository/own/study_knon_scraper_googleImage/photos/buildings/buildings29.jpeg,buildings29.jpeg,1118,1680
14,/Users/sanghunoh/Develops/repository/own/study_knon_scraper_googleImage/photos/buildings/buildings4.jpeg,buildings4.jpeg,1414,2121
15,/Users/sanghunoh/Develops/repository/own/study_knon_scraper_googleImage/photos/buildings/buildings44.jpeg,buildings44.jpeg,1200,1200
16,/Users/sanghunoh/Develops/repository/own/study_knon_scraper_googleImage/photos/buildings/buildings13.jpeg,buildings13.jpeg,1200,1800
17,/Users/sanghunoh/Develops/repository/own/study_knon_scraper_googleImage/photos/buildings/buildings18.jpeg,buildings18.jpeg,615,923
18,/Users/sanghunoh/Develops/repository/own/study_knon_scraper_googleImage/photos/buildings/buildings22.jpeg,buildings22.jpeg,408,612
19,/Users/sanghunoh/Develops/repository/own/study_knon_scraper_googleImage/photos/buildings/buildings14.jpeg,buildings14.jpeg,1067,1600
20,/Users/sanghunoh/Develops/repository/own/study_knon_scraper_googleImage/photos/buildings/buildings3.jpeg,buildings3.jpeg,412,412
21,/Users/sanghunoh/Develops/repository/own/study_knon_scraper_googleImage/photos/buildings/buildings38.jpeg,buildings38.jpeg,531,918
22,/Users/sanghunoh/Develops/repository/own/study_knon_scraper_googleImage/photos/buildings/buildings39.jpeg,buildings39.jpeg,675,1200
23,/Users/sanghunoh/Develops/repository/own/study_knon_scraper_googleImage/photos/buildings/buildings2.jpeg,buildings2.jpeg,1333,2000
24,/Users/sanghunoh/Develops/repository/own/study_knon_scraper_googleImage/photos/buildings/buildings42.jpeg,buildings42.jpeg,600,900
25,/Users/sanghunoh/Develops/repository/own/study_knon_scraper_googleImage/photos/buildings/buildings15.jpeg,buildings15.jpeg,900,1200
26,/Users/sanghunoh/Develops/repository/own/study_knon_scraper_googleImage/photos/buildings/buildings23.jpeg,buildings23.jpeg,1200,1200
27,/Users/sanghunoh/Develops/repository/own/study_knon_scraper_googleImage/photos/buildings/buildings19.jpeg,buildings19.jpeg,869,1200
28,/Users/sanghunoh/Develops/repository/own/study_knon_scraper_googleImage/photos/buildings/buildings36.jpeg,buildings36.jpeg,675,900
29,/Users/sanghunoh/Develops/repository/own/study_knon_scraper_googleImage/photos/buildings/buildings1.jpeg,buildings1.jpeg,1080,1920
30,/Users/sanghunoh/Develops/repository/own/study_knon_scraper_googleImage/photos/buildings/buildings41.jpeg,buildings41.jpeg,549,976
31,/Users/sanghunoh/Develops/repository/own/study_knon_scraper_googleImage/photos/buildings/buildings17.jpeg,buildings17.jpeg,1067,1600
32,/Users/sanghunoh/Develops/repository/own/study_knon_scraper_googleImage/photos/buildings/buildings40.jpeg,buildings40.jpeg,600,800
33,/Users/sanghunoh/Develops/repository/own/study_knon_scraper_googleImage/photos/buildings/buildings0.jpeg,buildings0.jpeg,500,500
34,/Users/sanghunoh/Develops/repository/own/study_knon_scraper_googleImage/photos/buildings/buildings21.jpeg,buildings21.jpeg,900,624
35,/Users/sanghunoh/Develops/repository/own/study_knon_scraper_googleImage/photos/buildings/buildings37.jpeg,buildings37.jpeg,531,918
36,/Users/sanghunoh/Develops/repository/own/study_knon_scraper_googleImage/photos/buildings/buildings7.jpeg,buildings7.jpeg,668,1000
37,/Users/sanghunoh/Develops/repository/own/study_knon_scraper_googleImage/photos/buildings/buildings47.jpeg,buildings47.jpeg,500,500
38,/Users/sanghunoh/Develops/repository/own/study_knon_scraper_googleImage/photos/buildings/buildings10.jpeg,buildings10.jpeg,1467,2200
39,/Users/sanghunoh/Develops/repository/own/study_knon_scraper_googleImage/photos/buildings/buildings30.jpeg,buildings30.jpeg,419,746
40,/Users/sanghunoh/Develops/repository/own/study_knon_scraper_googleImage/photos/buildings/buildings26.jpeg,buildings26.jpeg,1553,1919
41,/Users/sanghunoh/Develops/repository/own/study_knon_scraper_googleImage/photos/buildings/buildings27.jpeg,buildings27.jpeg,479,852
42,/Users/sanghunoh/Develops/repository/own/study_knon_scraper_googleImage/photos/buildings/buildings31.jpeg,buildings31.jpeg,278,500
43,/Users/sanghunoh/Develops/repository/own/study_knon_scraper_googleImage/photos/buildings/buildings11.jpeg,buildings11.jpeg,394,750
44,/Users/sanghunoh/Develops/repository/own/study_knon_scraper_googleImage/photos/buildings/buildings46.jpeg,buildings46.jpeg,500,500
45,/Users/sanghunoh/Develops/repository/own/study_knon_scraper_googleImage/photos/buildings/buildings6.jpeg,buildings6.jpeg,1749,3499
46,/Users/sanghunoh/Develops/repository/own/study_knon_scraper_googleImage/photos/건물숲/건물숲39.jpeg,건물숲39.jpeg,640,640
47,/Users/sanghunoh/Develops/repository/own/study_knon_scraper_googleImage/photos/건물숲/건물숲4.jpeg,건물숲4.jpeg,647,970
48,/Users/sanghunoh/Develops/repository/own/study_knon_scraper_googleImage/photos/건물숲/건물숲42.jpeg,건물숲42.jpeg,647,970
49,/Users/sanghunoh/Develops/repository/own/study_knon_scraper_googleImage/photos/건물숲/건물숲15.jpeg,건물숲15.jpeg,650,866
50,/Users/sanghunoh/Develops/repository/own/study_knon_scraper_googleImage/photos/건물숲/건물숲8.jpeg,건물숲8.jpeg,606,970
51,/Users/sanghunoh/Develops/repository/own/study_knon_scraper_googleImage/photos/건물숲/건물숲35.jpeg,건물숲35.jpeg,940,696
52,/Users/sanghunoh/Develops/repository/own/study_knon_scraper_googleImage/photos/건물숲/건물숲23.jpeg,건물숲23.jpeg,364,560
53,/Users/sanghunoh/Develops/repository/own/study_knon_scraper_googleImage/photos/건물숲/건물숲18.jpeg,건물숲18.jpeg,542,590
54,/Users/sanghunoh/Develops/repository/own/study_knon_scraper_googleImage/photos/건물숲/건물숲22.jpeg,건물숲22.jpeg,1019,680
55,/Users/sanghunoh/Develops/repository/own/study_knon_scraper_googleImage/photos/건물숲/건물숲9.jpeg,건물숲9.jpeg,853,1280
56,/Users/sanghunoh/Develops/repository/own/study_knon_scraper_googleImage/photos/건물숲/건물숲14.jpeg,건물숲14.jpeg,524,970
57,/Users/sanghunoh/Develops/repository/own/study_knon_scraper_googleImage/photos/건물숲/건물숲43.jpeg,건물숲43.jpeg,412,550
58,/Users/sanghunoh/Develops/repository/own/study_knon_scraper_googleImage/photos/건물숲/건물숲5.jpeg,건물숲5.jpeg,460,728
59,/Users/sanghunoh/Develops/repository/own/study_knon_scraper_googleImage/photos/건물숲/건물숲38.jpeg,건물숲38.jpeg,508,728
60,/Users/sanghunoh/Develops/repository/own/study_knon_scraper_googleImage/photos/건물숲/건물숲33.jpeg,건물숲33.jpeg,446,690
61,/Users/sanghunoh/Develops/repository/own/study_knon_scraper_googleImage/photos/건물숲/건물숲25.jpeg,건물숲25.jpeg,1015,540
62,/Users/sanghunoh/Develops/repository/own/study_knon_scraper_googleImage/photos/건물숲/건물숲48.jpeg,건물숲48.jpeg,357,550
63,/Users/sanghunoh/Develops/repository/own/study_knon_scraper_googleImage/photos/건물숲/건물숲2.jpeg,건물숲2.jpeg,357,480
64,/Users/sanghunoh/Develops/repository/own/study_knon_scraper_googleImage/photos/건물숲/건물숲29.jpeg,건물숲29.jpeg,360,640
65,/Users/sanghunoh/Develops/repository/own/study_knon_scraper_googleImage/photos/건물숲/건물숲44.jpeg,건물숲44.jpeg,790,730
66,/Users/sanghunoh/Develops/repository/own/study_knon_scraper_googleImage/photos/건물숲/건물숲13.jpeg,건물숲13.jpeg,426,600
67,/Users/sanghunoh/Develops/repository/own/study_knon_scraper_googleImage/photos/건물숲/건물숲12.jpeg,건물숲12.jpeg,426,600
68,/Users/sanghunoh/Develops/repository/own/study_knon_scraper_googleImage/photos/건물숲/건물숲45.jpeg,건물숲45.jpeg,335,560
69,/Users/sanghunoh/Develops/repository/own/study_knon_scraper_googleImage/photos/건물숲/건물숲3.jpeg,건물숲3.jpeg,612,780
70,/Users/sanghunoh/Develops/repository/own/study_knon_scraper_googleImage/photos/건물숲/건물숲49.jpeg,건물숲49.jpeg,650,650
71,/Users/sanghunoh/Develops/repository/own/study_knon_scraper_googleImage/photos/건물숲/건물숲24.jpeg,건물숲24.jpeg,323,500
72,/Users/sanghunoh/Develops/repository/own/study_knon_scraper_googleImage/photos/건물숲/건물숲32.jpeg,건물숲32.jpeg,800,1200
73,/Users/sanghunoh/Develops/repository/own/study_knon_scraper_googleImage/photos/건물숲/건물숲27.jpeg,건물숲27.jpeg,650,1155
74,/Users/sanghunoh/Develops/repository/own/study_knon_scraper_googleImage/photos/건물숲/건물숲31.jpeg,건물숲31.jpeg,360,640
75,/Users/sanghunoh/Develops/repository/own/study_knon_scraper_googleImage/photos/건물숲/건물숲11.jpeg,건물숲11.jpeg,554,554
76,/Users/sanghunoh/Develops/repository/own/study_knon_scraper_googleImage/photos/건물숲/건물숲46.jpeg,건물숲46.jpeg,200,300
77,/Users/sanghunoh/Develops/repository/own/study_knon_scraper_googleImage/photos/건물숲/건물숲34.gif,건물숲34.gif,386,640
78,/Users/sanghunoh/Develops/repository/own/study_knon_scraper_googleImage/photos/건물숲/건물숲0.jpeg,건물숲0.jpeg,299,264
79,/Users/sanghunoh/Develops/repository/own/study_knon_scraper_googleImage/photos/건물숲/건물숲1.jpeg,건물숲1.jpeg,268,375
80,/Users/sanghunoh/Develops/repository/own/study_knon_scraper_googleImage/photos/건물숲/건물숲47.jpeg,건물숲47.jpeg,268,211
81,/Users/sanghunoh/Develops/repository/own/study_knon_scraper_googleImage/photos/건물숲/건물숲10.jpeg,건물숲10.jpeg,356,570
82,/Users/sanghunoh/Develops/repository/own/study_knon_scraper_googleImage/photos/건물숲/건물숲30.jpeg,건물숲30.jpeg,200,200
83,/Users/sanghunoh/Develops/repository/own/study_knon_scraper_googleImage/photos/건물숲/건물숲26.jpeg,건물숲26.jpeg,431,610
84,/Users/sanghunoh/Develops/repository/own/study_knon_scraper_googleImage/photos/건물숲/건물숲17.jpeg,건물숲17.jpeg,573,860
85,/Users/sanghunoh/Develops/repository/own/study_knon_scraper_googleImage/photos/건물숲/건물숲40.jpeg,건물숲40.jpeg,573,860
86,/Users/sanghunoh/Develops/repository/own/study_knon_scraper_googleImage/photos/건물숲/건물숲6.jpeg,건물숲6.jpeg,1108,740
87,/Users/sanghunoh/Develops/repository/own/study_knon_scraper_googleImage/photos/건물숲/건물숲21.jpeg,건물숲21.jpeg,417,680
88,/Users/sanghunoh/Develops/repository/own/study_knon_scraper_googleImage/photos/건물숲/건물숲37.jpeg,건물숲37.jpeg,1020,680
89,/Users/sanghunoh/Develops/repository/own/study_knon_scraper_googleImage/photos/건물숲/건물숲36.jpeg,건물숲36.jpeg,1020,680
90,/Users/sanghunoh/Develops/repository/own/study_knon_scraper_googleImage/photos/건물숲/건물숲20.jpeg,건물숲20.jpeg,334,500
91,/Users/sanghunoh/Develops/repository/own/study_knon_scraper_googleImage/photos/건물숲/건물숲7.jpeg,건물숲7.jpeg,460,728
92,/Users/sanghunoh/Develops/repository/own/study_knon_scraper_googleImage/photos/건물숲/건물숲41.jpeg,건물숲41.jpeg,1024,768
93,/Users/sanghunoh/Develops/repository/own/study_knon_scraper_googleImage/photos/건물숲/건물숲16.jpeg,건물숲16.jpeg,1000,750
94,/Users/sanghunoh/Develops/repository/own/study_knon_scraper_googleImage/photos/빌딩들/빌딩들38.jpeg,빌딩들38.jpeg,333,500
95,/Users/sanghunoh/Develops/repository/own/study_knon_scraper_googleImage/photos/빌딩들/빌딩들14.jpeg,빌딩들14.jpeg,533,800
96,/Users/sanghunoh/Develops/repository/own/study_knon_scraper_googleImage/photos/빌딩들/빌딩들43.jpeg,빌딩들43.jpeg,535,750
97,/Users/sanghunoh/Develops/repository/own/study_knon_scraper_googleImage/photos/빌딩들/빌딩들34.jpeg,빌딩들34.jpeg,382,640
98,/Users/sanghunoh/Develops/repository/own/study_knon_scraper_googleImage/photos/빌딩들/빌딩들22.jpeg,빌딩들22.jpeg,727,500
99,/Users/sanghunoh/Develops/repository/own/study_knon_scraper_googleImage/photos/빌딩들/빌딩들7.jpeg,빌딩들7.jpeg,281,500
100,/Users/sanghunoh/Develops/repository/own/study_knon_scraper_googleImage/photos/빌딩들/빌딩들18.jpeg,빌딩들18.jpeg,650,879
101,/Users/sanghunoh/Develops/repository/own/study_knon_scraper_googleImage/photos/빌딩들/빌딩들19.jpeg,빌딩들19.jpeg,276,620
102,/Users/sanghunoh/Develops/repository/own/study_knon_scraper_googleImage/photos/빌딩들/빌딩들6.jpeg,빌딩들6.jpeg,354,600
103,/Users/sanghunoh/Develops/repository/own/study_knon_scraper_googleImage/photos/빌딩들/빌딩들23.jpeg,빌딩들23.jpeg,394,700
104,/Users/sanghunoh/Develops/repository/own/study_knon_scraper_googleImage/photos/빌딩들/빌딩들35.jpeg,빌딩들35.jpeg,391,600
105,/Users/sanghunoh/Develops/repository/own/study_knon_scraper_googleImage/photos/빌딩들/빌딩들42.jpeg,빌딩들42.jpeg,380,570
106,/Users/sanghunoh/Develops/repository/own/study_knon_scraper_googleImage/photos/빌딩들/빌딩들15.jpeg,빌딩들15.jpeg,292,440
107,/Users/sanghunoh/Develops/repository/own/study_knon_scraper_googleImage/photos/빌딩들/빌딩들39.jpeg,빌딩들39.jpeg,567,850
108,/Users/sanghunoh/Develops/repository/own/study_knon_scraper_googleImage/photos/빌딩들/빌딩들32.jpeg,빌딩들32.jpeg,343,529
109,/Users/sanghunoh/Develops/repository/own/study_knon_scraper_googleImage/photos/빌딩들/빌딩들24.jpeg,빌딩들24.jpeg,389,620
110,/Users/sanghunoh/Develops/repository/own/study_knon_scraper_googleImage/photos/빌딩들/빌딩들49.jpeg,빌딩들49.jpeg,656,1024
111,/Users/sanghunoh/Develops/repository/own/study_knon_scraper_googleImage/photos/빌딩들/빌딩들28.jpeg,빌딩들28.jpeg,2868,5184
112,/Users/sanghunoh/Develops/repository/own/study_knon_scraper_googleImage/photos/빌딩들/빌딩들12.jpeg,빌딩들12.jpeg,300,450
113,/Users/sanghunoh/Develops/repository/own/study_knon_scraper_googleImage/photos/빌딩들/빌딩들45.jpeg,빌딩들45.jpeg,308,500
114,/Users/sanghunoh/Develops/repository/own/study_knon_scraper_googleImage/photos/빌딩들/빌딩들44.jpeg,빌딩들44.jpeg,412,550
115,/Users/sanghunoh/Develops/repository/own/study_knon_scraper_googleImage/photos/빌딩들/빌딩들13.jpeg,빌딩들13.jpeg,620,451
116,/Users/sanghunoh/Develops/repository/own/study_knon_scraper_googleImage/photos/빌딩들/빌딩들29.jpeg,빌딩들29.jpeg,500,375
117,/Users/sanghunoh/Develops/repository/own/study_knon_scraper_googleImage/photos/빌딩들/빌딩들48.jpeg,빌딩들48.jpeg,656,1024
118,/Users/sanghunoh/Develops/repository/own/study_knon_scraper_googleImage/photos/빌딩들/빌딩들0.jpeg,빌딩들0.jpeg,656,1200
119,/Users/sanghunoh/Develops/repository/own/study_knon_scraper_googleImage/photos/빌딩들/빌딩들25.jpeg,빌딩들25.jpeg,600,400
120,/Users/sanghunoh/Develops/repository/own/study_knon_scraper_googleImage/photos/빌딩들/빌딩들3.jpeg,빌딩들3.jpeg,405,720
121,/Users/sanghunoh/Develops/repository/own/study_knon_scraper_googleImage/photos/빌딩들/빌딩들26.jpeg,빌딩들26.jpeg,600,400
122,/Users/sanghunoh/Develops/repository/own/study_knon_scraper_googleImage/photos/빌딩들/빌딩들30.jpeg,빌딩들30.jpeg,1944,2592
123,/Users/sanghunoh/Develops/repository/own/study_knon_scraper_googleImage/photos/빌딩들/빌딩들47.jpeg,빌딩들47.jpeg,383,540
124,/Users/sanghunoh/Develops/repository/own/study_knon_scraper_googleImage/photos/빌딩들/빌딩들10.jpeg,빌딩들10.jpeg,394,700
125,/Users/sanghunoh/Develops/repository/own/study_knon_scraper_googleImage/photos/빌딩들/빌딩들11.jpeg,빌딩들11.jpeg,399,600
126,/Users/sanghunoh/Develops/repository/own/study_knon_scraper_googleImage/photos/빌딩들/빌딩들46.jpeg,빌딩들46.jpeg,650,975
127,/Users/sanghunoh/Develops/repository/own/study_knon_scraper_googleImage/photos/빌딩들/빌딩들31.jpeg,빌딩들31.jpeg,525,350
128,/Users/sanghunoh/Develops/repository/own/study_knon_scraper_googleImage/photos/빌딩들/빌딩들27.jpeg,빌딩들27.jpeg,593,300
129,/Users/sanghunoh/Develops/repository/own/study_knon_scraper_googleImage/photos/빌딩들/빌딩들2.jpeg,빌딩들2.jpeg,545,945
130,/Users/sanghunoh/Develops/repository/own/study_knon_scraper_googleImage/photos/빌딩들/빌딩들41.jpeg,빌딩들41.jpeg,426,640
131,/Users/sanghunoh/Develops/repository/own/study_knon_scraper_googleImage/photos/빌딩들/빌딩들16.jpeg,빌딩들16.jpeg,292,440
132,/Users/sanghunoh/Develops/repository/own/study_knon_scraper_googleImage/photos/빌딩들/빌딩들1.png,빌딩들1.png,400,700
133,/Users/sanghunoh/Develops/repository/own/study_knon_scraper_googleImage/photos/빌딩들/빌딩들9.jpeg,빌딩들9.jpeg,263,600
134,/Users/sanghunoh/Develops/repository/own/study_knon_scraper_googleImage/photos/빌딩들/빌딩들5.jpeg,빌딩들5.jpeg,394,700
135,/Users/sanghunoh/Develops/repository/own/study_knon_scraper_googleImage/photos/빌딩들/빌딩들20.jpeg,빌딩들20.jpeg,447,490
136,/Users/sanghunoh/Develops/repository/own/study_knon_scraper_googleImage/photos/빌딩들/빌딩들33.png,빌딩들33.png,467,700
137,/Users/sanghunoh/Develops/repository/own/study_knon_scraper_googleImage/photos/빌딩들/빌딩들36.jpeg,빌딩들36.jpeg,327,520
138,/Users/sanghunoh/Develops/repository/own/study_knon_scraper_googleImage/photos/빌딩들/빌딩들37.jpeg,빌딩들37.jpeg,327,520
139,/Users/sanghunoh/Develops/repository/own/study_knon_scraper_googleImage/photos/빌딩들/빌딩들21.jpeg,빌딩들21.jpeg,682,1024
140,/Users/sanghunoh/Develops/repository/own/study_knon_scraper_googleImage/photos/빌딩들/빌딩들4.jpeg,빌딩들4.jpeg,391,550
141,/Users/sanghunoh/Develops/repository/own/study_knon_scraper_googleImage/photos/빌딩들/빌딩들8.jpeg,빌딩들8.jpeg,621,1024
142,/Users/sanghunoh/Develops/repository/own/study_knon_scraper_googleImage/photos/빌딩들/빌딩들17.jpeg,빌딩들17.jpeg,358,640
143,/Users/sanghunoh/Develops/repository/own/study_knon_scraper_googleImage/photos/빌딩들/빌딩들40.jpeg,빌딩들40.jpeg,480,720
144,/Users/sanghunoh/Develops/repository/own/study_knon_scraper_googleImage/photos/building_scenery/buildingscenery21.jpeg,buildingscenery21.jpeg,716,468
145,/Users/sanghunoh/Develops/repository/own/study_knon_scraper_googleImage/photos/building_scenery/buildingscenery37.jpeg,buildingscenery37.jpeg,769,1024
146,/Users/sanghunoh/Develops/repository/own/study_knon_scraper_googleImage/photos/building_scenery/buildingscenery17.jpeg,buildingscenery17.jpeg,1200,800
147,/Users/sanghunoh/Develops/repository/own/study_knon_scraper_googleImage/photos/building_scenery/buildingscenery40.jpeg,buildingscenery40.jpeg,400,678
148,/Users/sanghunoh/Develops/repository/own/study_knon_scraper_googleImage/photos/building_scenery/buildingscenery0.jpeg,buildingscenery0.jpeg,432,650
149,/Users/sanghunoh/Develops/repository/own/study_knon_scraper_googleImage/photos/building_scenery/buildingscenery1.jpeg,buildingscenery1.jpeg,866,1300
150,/Users/sanghunoh/Develops/repository/own/study_knon_scraper_googleImage/photos/building_scenery/buildingscenery41.jpeg,buildingscenery41.jpeg,400,678
151,/Users/sanghunoh/Develops/repository/own/study_knon_scraper_googleImage/photos/building_scenery/buildingscenery16.jpeg,buildingscenery16.jpeg,640,960
152,/Users/sanghunoh/Develops/repository/own/study_knon_scraper_googleImage/photos/building_scenery/buildingscenery36.jpeg,buildingscenery36.jpeg,769,1024
153,/Users/sanghunoh/Develops/repository/own/study_knon_scraper_googleImage/photos/building_scenery/buildingscenery20.jpeg,buildingscenery20.jpeg,780,1000
154,/Users/sanghunoh/Develops/repository/own/study_knon_scraper_googleImage/photos/building_scenery/buildingscenery11.jpeg,buildingscenery11.jpeg,866,1300
155,/Users/sanghunoh/Develops/repository/own/study_knon_scraper_googleImage/photos/building_scenery/buildingscenery46.jpeg,buildingscenery46.jpeg,270,500
156,/Users/sanghunoh/Develops/repository/own/study_knon_scraper_googleImage/photos/building_scenery/buildingscenery6.jpeg,buildingscenery6.jpeg,1390,928
157,/Users/sanghunoh/Develops/repository/own/study_knon_scraper_googleImage/photos/building_scenery/buildingscenery27.jpeg,buildingscenery27.jpeg,866,1300
158,/Users/sanghunoh/Develops/repository/own/study_knon_scraper_googleImage/photos/building_scenery/buildingscenery31.jpeg,buildingscenery31.jpeg,280,296
159,/Users/sanghunoh/Develops/repository/own/study_knon_scraper_googleImage/photos/building_scenery/buildingscenery30.jpeg,buildingscenery30.jpeg,579,360
160,/Users/sanghunoh/Develops/repository/own/study_knon_scraper_googleImage/photos/building_scenery/buildingscenery38.png,buildingscenery38.png,959,1279
161,/Users/sanghunoh/Develops/repository/own/study_knon_scraper_googleImage/photos/building_scenery/buildingscenery26.jpeg,buildingscenery26.jpeg,280,389
162,/Users/sanghunoh/Develops/repository/own/study_knon_scraper_googleImage/photos/building_scenery/buildingscenery7.jpeg,buildingscenery7.jpeg,866,1300
163,/Users/sanghunoh/Develops/repository/own/study_knon_scraper_googleImage/photos/building_scenery/buildingscenery47.jpeg,buildingscenery47.jpeg,850,1332
164,/Users/sanghunoh/Develops/repository/own/study_knon_scraper_googleImage/photos/building_scenery/buildingscenery10.jpeg,buildingscenery10.jpeg,600,800
165,/Users/sanghunoh/Develops/repository/own/study_knon_scraper_googleImage/photos/building_scenery/buildingscenery29.jpeg,buildingscenery29.jpeg,400,600
166,/Users/sanghunoh/Develops/repository/own/study_knon_scraper_googleImage/photos/building_scenery/buildingscenery4.jpeg,buildingscenery4.jpeg,780,1000
167,/Users/sanghunoh/Develops/repository/own/study_knon_scraper_googleImage/photos/building_scenery/buildingscenery44.jpeg,buildingscenery44.jpeg,1308,736
168,/Users/sanghunoh/Develops/repository/own/study_knon_scraper_googleImage/photos/building_scenery/buildingscenery13.jpeg,buildingscenery13.jpeg,410,728
169,/Users/sanghunoh/Develops/repository/own/study_knon_scraper_googleImage/photos/building_scenery/buildingscenery33.jpeg,buildingscenery33.jpeg,956,1300
170,/Users/sanghunoh/Develops/repository/own/study_knon_scraper_googleImage/photos/building_scenery/buildingscenery25.jpeg,buildingscenery25.jpeg,911,1300
171,/Users/sanghunoh/Develops/repository/own/study_knon_scraper_googleImage/photos/building_scenery/buildingscenery8.jpeg,buildingscenery8.jpeg,455,728
172,/Users/sanghunoh/Develops/repository/own/study_knon_scraper_googleImage/photos/building_scenery/buildingscenery48.jpeg,buildingscenery48.jpeg,901,1300
173,/Users/sanghunoh/Develops/repository/own/study_knon_scraper_googleImage/photos/building_scenery/buildingscenery49.jpeg,buildingscenery49.jpeg,645,910
174,/Users/sanghunoh/Develops/repository/own/study_knon_scraper_googleImage/photos/building_scenery/buildingscenery9.jpeg,buildingscenery9.jpeg,1333,1000
175,/Users/sanghunoh/Develops/repository/own/study_knon_scraper_googleImage/photos/building_scenery/buildingscenery24.jpeg,buildingscenery24.jpeg,506,900
176,/Users/sanghunoh/Develops/repository/own/study_knon_scraper_googleImage/photos/building_scenery/buildingscenery32.jpeg,buildingscenery32.jpeg,410,728
177,/Users/sanghunoh/Develops/repository/own/study_knon_scraper_googleImage/photos/building_scenery/buildingscenery12.jpeg,buildingscenery12.jpeg,437,700
178,/Users/sanghunoh/Develops/repository/own/study_knon_scraper_googleImage/photos/building_scenery/buildingscenery45.jpeg,buildingscenery45.jpeg,866,1300
179,/Users/sanghunoh/Develops/repository/own/study_knon_scraper_googleImage/photos/building_scenery/buildingscenery5.jpeg,buildingscenery5.jpeg,2500,2000
180,/Users/sanghunoh/Develops/repository/own/study_knon_scraper_googleImage/photos/building_scenery/buildingscenery28.jpeg,buildingscenery28.jpeg,720,1280
181,/Users/sanghunoh/Develops/repository/own/study_knon_scraper_googleImage/photos/building_scenery/buildingscenery35.jpeg,buildingscenery35.jpeg,1125,2000
182,/Users/sanghunoh/Develops/repository/own/study_knon_scraper_googleImage/photos/building_scenery/buildingscenery23.jpeg,buildingscenery23.jpeg,330,500
183,/Users/sanghunoh/Develops/repository/own/study_knon_scraper_googleImage/photos/building_scenery/buildingscenery19.jpeg,buildingscenery19.jpeg,780,1000
184,/Users/sanghunoh/Develops/repository/own/study_knon_scraper_googleImage/photos/building_scenery/buildingscenery39.jpeg,buildingscenery39.jpeg,780,1000
185,/Users/sanghunoh/Develops/repository/own/study_knon_scraper_googleImage/photos/building_scenery/buildingscenery2.jpeg,buildingscenery2.jpeg,780,1000
186,/Users/sanghunoh/Develops/repository/own/study_knon_scraper_googleImage/photos/building_scenery/buildingscenery42.jpeg,buildingscenery42.jpeg,1500,1000
187,/Users/sanghunoh/Develops/repository/own/study_knon_scraper_googleImage/photos/building_scenery/buildingscenery15.jpeg,buildingscenery15.jpeg,535,800
188,/Users/sanghunoh/Develops/repository/own/study_knon_scraper_googleImage/photos/building_scenery/buildingscenery14.jpeg,buildingscenery14.jpeg,339,509
189,/Users/sanghunoh/Develops/repository/own/study_knon_scraper_googleImage/photos/building_scenery/buildingscenery43.jpeg,buildingscenery43.jpeg,533,800
190,/Users/sanghunoh/Develops/repository/own/study_knon_scraper_googleImage/photos/building_scenery/buildingscenery3.jpeg,buildingscenery3.jpeg,1200,800
191,/Users/sanghunoh/Develops/repository/own/study_knon_scraper_googleImage/photos/building_scenery/buildingscenery18.jpeg,buildingscenery18.jpeg,1059,1500
192,/Users/sanghunoh/Develops/repository/own/study_knon_scraper_googleImage/photos/building_scenery/buildingscenery22.jpeg,buildingscenery22.jpeg,700,1120
193,/Users/sanghunoh/Develops/repository/own/study_knon_scraper_googleImage/photos/building_scenery/buildingscenery34.jpeg,buildingscenery34.jpeg,1920,2160
